image_name,polygon,wavelength_nm,slaughter,session,day,Marbling,Meat Color,Texture,Surface Moisture,Total,image_path
140093200156_s1_430nm_day1,2081 906; 2704 906; 2704 2160; 2081 2160,430,140093200156,s1,1,8,7,8,5,8,
140093200156_s1_540nm_day1,2111 794; 2767 794; 2767 2060; 2111 2060,540,140093200156,s1,1,8,7,8,5,8,
140093200156_s2_430nm_day1,2049 999; 2720 999; 2720 1845; 2049 1845,430,140093200156,s2,1,7,6,7,5,7,
140093200156_s2_540nm_day1,2166 991; 2886 991; 2886 1769; 2166 1769,540,140093200156,s2,1,7,6,7,5,7,
140093200156_s1_430nm_day7,2166 774; 2812 774; 2812 2102; 2166 2102,430,140093200156,s1,7,8,8,7,6,7,.\result\140093200156_day7\140093200156_day7\s1\140093200156_s1_430nm_day7.png
140093200156_s1_540nm_day7,2105 745; 2715 745; 2715 2098; 2105 2098,540,140093200156,s1,7,8,8,7,6,7,.\result\140093200156_day7\140093200156_day7\s1\140093200156_s1_540nm_day7.png
140093200156_s1_580nm_day7,2259 773; 2883 773; 2883 2135; 2259 2135,580,140093200156,s1,7,8,8,7,6,7,.\result\140093200156_day7\140093200156_day7\s1\140093200156_s1_580nm_day7.png
140093200156_s2_430nm_day7,2134 804; 2618 804; 2618 1863; 2134 1863,430,140093200156,s2,7,7,6,6,5,6,.\result\140093200156_day7\140093200156_day7\s2\140093200156_s2_430nm_day7.png
140093200156_s2_540nm_day7,2063 723; 2541 723; 2541 1885; 2063 1885,540,140093200156,s2,7,7,6,6,5,6,.\result\140093200156_day7\140093200156_day7\s2\140093200156_s2_540nm_day7.png
140093200156_s2_580nm_day7,2153 723; 2625 723; 2625 1895; 2153 1895,580,140093200156,s2,7,7,6,6,5,6,.\result\140093200156_day7\140093200156_day7\s2\140093200156_s2_580nm_day7.png
140111102817_s1_430nm_day7,1924 813; 2615 813; 2615 1675; 1924 1675,430,140111102817,s1,7,6,7,5,6,6,.\result\140111102817_day7\140111102817_day7\s1\140111102817_s1_430nm_day7.png
140111102817_s1_540nm_day7,1853 723; 2580 723; 2580 1633; 1853 1633,540,140111102817,s1,7,6,7,5,6,6,.\result\140111102817_day7\140111102817_day7\s4\140111102817_s1_540nm_day7.png
140111102817_s2_430nm_day7,2089 962; 2689 962; 2689 1801; 2089 1801,430,140111102817,s2,7,7,6,5,5,7,.\result\140111102817_day7\140111102817_day7\s2\140111102817_s2_430nm_day7.png
140111102817_s2_540nm_day7,1979 981; 2554 981; 2554 1876; 1979 1876,540,140111102817,s2,7,7,6,5,5,7,.\result\140111102817_day7\140111102817_day7\s2\140111102817_s2_540nm_day7.png
140111102817_s3_430nm_day7,1969 971; 2767 971; 2767 1734; 1969 1734,430,140111102817,s3,7,8,7,5,5,6,.\result\140111102817_day7\140111102817_day7\s3\140111102817_s3_430nm_day7.png
140111102817_s3_540nm_day7,1918 949; 2709 949; 2709 1743; 1918 1743,540,140111102817,s3,7,8,7,5,5,6,.\result\140111102817_day7\140111102817_day7\s3\140111102817_s3_540nm_day7.png
140111102817_s4_430nm_day7,1960 849; 2531 849; 2531 1724; 1960 1724,430,140111102817,s4,7,8,6,4,6,5,.\result\140111102817_day7\140111102817_day7\s4\140111102817_s4_430nm_day7.png
140111102817_s4_540nm_day7,1837 868; 2396 868; 2396 1808; 1837 1808,540,140111102817,s4,7,8,6,4,6,5,
140111102817_s5_430nm_day7,2082 946; 2693 946; 2693 1795; 2082 1795,430,140111102817,s5,7,7,6,6,6,5,.\result\140111102817_day7\140111102817_day7\s5\140111102817_s5_430nm_day7.png
140111102817_s5_540nm_day7,2111 897; 2735 897; 2735 1753; 2111 1753,540,140111102817,s5,7,7,6,6,6,5,.\result\140111102817_day7\140111102817_day7\s5\140111102817_s5_540nm_day7.png
140111102817_s6_430nm_day7,1892 691; 2660 691; 2660 1585; 1892 1585,430,140111102817,s6,7,7,7,5,7,5,.\result\140111102817_day7\140111102817_day7\s6\140111102817_s6_430nm_day7.png
140111102817_s6_540nm_day7,1911 694; 2664 694; 2664 1579; 1911 1579,540,140111102817,s6,7,7,7,5,7,5,.\result\140111102817_day7\140111102817_day7\s6\140111102817_s6_540nm_day7.png
140111102817_s7_430nm_day7,2215 904; 2799 904; 2799 1750; 2215 1750,430,140111102817,s7,7,6,7,6,5,7,.\result\140111102817_day7\140111102817_day7\s7\140111102817_s7_430nm_day7.png
140111102817_s7_540nm_day7,2066 800; 2664 800; 2664 1701; 2066 1701,540,140111102817,s7,7,6,7,6,5,7,.\result\140111102817_day7\140111102817_day7\s7\140111102817_s7_540nm_day7.png
140111102817_s8_430nm_day7,2241 929; 2896 929; 2896 1795; 2241 1795,430,140111102817,s8,7,8,7,5,7,7,.\result\140111102817_day7\140111102817_day7\s8\140111102817_s8_430nm_day7.png
140111102817_s8_540nm_day7,2044 894; 2699 894; 2699 1746; 2044 1746,540,140111102817,s8,7,8,7,5,7,7,.\result\140111102817_day7\140111102817_day7\s8\140111102817_s8_540nm_day7.png
140111102817_s9_430nm_day7,1985 787; 2412 787; 2412 1721; 1985 1721,430,140111102817,s9,7,8,6,5,6,7,.\result\140111102817_day7\140111102817_day7\s9\140111102817_s9_430nm_day7.png
140111102817_s9_540nm_day7,1911 742; 2302 742; 2302 1685; 1911 1685,540,140111102817,s9,7,8,6,5,6,7,.\result\140111102817_day7\140111102817_day7\s9\140111102817_s9_540nm_day7.png
140111102817_s10_430nm_day7,1960 1052; 2696 1052; 2696 1776; 1960 1776,430,140111102817,s10,7,7,6,5,6,5,.\result\140111102817_day7\140111102817_day7\s10\140111102817_s10_430nm_day7.png
140111102817_s10_540nm_day7,1918 997; 2660 997; 2660 1737; 1918 1737,540,140111102817,s10,7,7,6,5,6,5,.\result\140111102817_day7\140111102817_day7\s10\140111102817_s10_540nm_day7.png
140111102817_s11_430nm_day7,1950 994; 2560 994; 2560 1843; 1950 1843,430,140111102817,s11,7,7,5,6,5,7,.\result\140111102817_day7\140111102817_day7\s11\140111102817_s11_430nm_day7.png
140111102817_s11_540nm_day7,1976 923; 2573 923; 2573 1843; 1976 1843,540,140111102817,s11,7,7,5,6,5,7,.\result\140111102817_day7\140111102817_day7\s11\140111102817_s11_540nm_day7.png
140111102817_s12_430nm_day7,2135 827; 2704 827; 2704 1708; 2135 1708,430,140111102817,s12,7,8,5,6,6,6,.\result\140111102817_day7\140111102817_day7\s12\140111102817_s12_430nm_day7.png
140111102817_s12_540nm_day7,2279 852; 2854 852; 2854 1805; 2279 1805,540,140111102817,s12,7,8,5,6,6,6,.\result\140111102817_day7\140111102817_day7\s12\140111102817_s12_540nm_day7.png
140111102817_s13_430nm_day7,2102 829; 2605 829; 2605 1811; 2102 1811,430,140111102817,s13,7,6,6,6,6,6,.\result\140111102817_day7\140111102817_day7\s13\140111102817_s13_430nm_day7.png
140111102817_s13_540nm_day7,2008 888; 2518 888; 2518 1750; 2008 1750,540,140111102817,s13,7,6,6,6,6,6,.\result\140111102817_day7\140111102817_day7\s13\140111102817_s13_540nm_day7.png
140111102817_s14_430nm_day7,1966 774; 2670 774; 2670 1491; 1966 1491,430,140111102817,s14,7,7,7,4,5,5,.\result\140111102817_day7\140111102817_day7\s14\140111102817_s14_430nm_day7.png
140111102817_s14_540nm_day7,1911 739; 2628 739; 2628 1498; 1911 1498,540,140111102817,s14,7,7,7,4,5,5,.\result\140111102817_day7\140111102817_day7\s14\140111102817_s14_540nm_day7.png
140111102817_s15_430nm_day7,2037 884; 2531 884; 2531 1679; 2037 1679,430,140111102817,s15,7,7,7,5,7,6,.\result\140111102817_day7\140111102817_day7\s15\140111102817_s15_430nm_day7.png
140111102817_s15_540nm_day7,2027 849; 2560 849; 2560 1656; 2027 1656,540,140111102817,s15,7,7,7,5,7,6,.\result\140111102817_day7\140111102817_day7\s15\140111102817_s15_540nm_day7.png
140111102817_s16_430nm_day7,1882 881; 2357 881; 2357 1808; 1882 1808,430,140111102817,s16,7,5,7,5,6,5,.\result\140111102817_day7\140111102817_day7\s16\140111102817_s16_430nm_day7.png
140111102817_s16_540nm_day7,2053 842; 2505 842; 2505 1843; 2053 1843,540,140111102817,s16,7,5,7,5,6,5,.\result\140111102817_day7\140111102817_day7\s16\140111102817_s16_540nm_day7.png
140111102817_s17_430nm_day7,1989 881; 2567 881; 2567 1669; 1989 1669,430,140111102817,s17,7,8,7,6,6,6,.\result\140111102817_day7\140111102817_day7\s17\140111102817_s17_430nm_day7.png
140111102817_s17_540nm_day7,2005 846; 2612 846; 2612 1624; 2005 1624,540,140111102817,s17,7,8,7,6,6,6,.\result\140111102817_day7\140111102817_day7\s17\140111102817_s17_540nm_day7.png
140111102817_s18_430nm_day7,2069 781; 2625 781; 2625 1914; 2069 1914,430,140111102817,s18,7,7,7,5,6,6,.\result\140111102817_day7\140111102817_day7\s18\140111102817_s18_430nm_day7.png
140111102817_s18_540nm_day7,2031 726; 2593 726; 2593 1850; 2031 1850,540,140111102817,s18,7,7,7,5,6,6,.\result\140111102817_day7\140111102817_day7\s18\140111102817_s18_540nm_day7.png
140111102817_s19_430nm_day7,2208 897; 2828 897; 2828 1750; 2208 1750,430,140111102817,s19,7,9,7,5,7,7,.\result\140111102817_day7\140111102817_day7\s19\140111102817_s19_430nm_day7.png
140111102817_s19_540nm_day7,1979 865; 2634 865; 2634 1730; 1979 1730,540,140111102817,s19,7,9,7,5,7,7,.\result\140111102817_day7\140111102817_day7\s19\140111102817_s19_540nm_day7.png
140111102817_s20_430nm_day7,2069 842; 2479 842; 2479 1905; 2069 1905,430,140111102817,s20,7,7,7,6,5,6,.\result\140111102817_day7\140111102817_day7\s20\140111102817_s20_430nm_day7.png
140111102817_s20_540nm_day7,1947 742; 2389 742; 2389 1869; 1947 1869,540,140111102817,s20,7,7,7,6,5,6,.\result\140111102817_day7\140111102817_day7\s20\140111102817_s20_540nm_day7.png
140111102817_s21_430nm_day7,2150 752; 2641 752; 2641 1685; 2150 1685,430,140111102817,s21,7,7,7,5,6,6,.\result\140111102817_day7\140111102817_day7\s21\140111102817_s21_430nm_day7.png
140111102817_s21_540nm_day7,2073 687; 2557 687; 2557 1643; 2073 1643,540,140111102817,s21,7,7,7,5,6,6,.\result\140111102817_day7\140111102817_day7\s21\140111102817_s21_540nm_day7.png
140111102817_s22_430nm_day7,2047 765; 2570 765; 2570 1859; 2047 1859,430,140111102817,s22,7,8,7,5,5,7,.\result\140111102817_day7\140111102817_day7\s22\140111102817_s22_430nm_day7.png
140111102817_s22_540nm_day7,2231 716; 2706 716; 2706 1814; 2231 1814,540,140111102817,s22,7,8,7,5,5,7,.\result\140111102817_day7\140111102817_day7\s22\140111102817_s22_540nm_day7.png
140111102817_s23_430nm_day7,2153 946; 2551 946; 2551 1905; 2153 1905,430,140111102817,s23,7,7,7,5,5,6,.\result\140111102817_day7\140111102817_day7\s23\140111102817_s23_430nm_day7.png
140111102817_s23_540nm_day7,2115 836; 2538 836; 2538 1805; 2115 1805,540,140111102817,s23,7,7,7,5,5,6,
140111102817_s24_430nm_day7,2031 729; 2518 729; 2518 1524; 2031 1524,430,140111102817,s24,7,7,7,6,5,7,.\result\140111102817_day7\140111102817_day7\s24\140111102817_s24_430nm_day7.png
140111102817_s24_540nm_day7,2050 674; 2547 674; 2547 1514; 2050 1514,540,140111102817,s24,7,7,7,6,5,7,.\result\140111102817_day7\140111102817_day7\s36\140111102817_s24_540nm_day7.png
140111102817_s25_430nm_day7,2082 904; 2589 904; 2589 1656; 2082 1656,430,140111102817,s25,7,7,7,6,6,7,.\result\140111102817_day7\140111102817_day7\s25\140111102817_s25_430nm_day7.png
140111102817_s25_540nm_day7,2118 800; 2596 800; 2596 1646; 2118 1646,540,140111102817,s25,7,7,7,6,6,7,.\result\140111102817_day7\140111102817_day7\s25\140111102817_s25_540nm_day7.png
140111102817_s26_430nm_day7,2079 994; 2583 994; 2583 1801; 2079 1801,430,140111102817,s26,7,6,6,6,5,6,.\result\140111102817_day7\140111102817_day7\s26\140111102817_s26_430nm_day7.png
140111102817_s26_540nm_day7,2189 1068; 2673 1068; 2673 1837; 2189 1837,540,140111102817,s26,7,6,6,6,5,6,.\result\140111102817_day7\140111102817_day7\s26\140111102817_s26_540nm_day7.png
140111102817_s27_430nm_day7,2182 910; 2748 910; 2748 1734; 2182 1734,430,140111102817,s27,7,7,7,5,6,6,.\result\140111102817_day7\140111102817_day7\s27\140111102817_s27_430nm_day7.png
140111102817_s27_540nm_day7,2082 852; 2634 852; 2634 1717; 2082 1717,540,140111102817,s27,7,7,7,5,6,6,.\result\140111102817_day7\140111102817_day7\s27\140111102817_s27_540nm_day7.png
140111102817_s28_430nm_day7,2073 871; 2547 871; 2547 1782; 2073 1782,430,140111102817,s28,7,7,6,5,6,6,.\result\140111102817_day7\140111102817_day7\s28\140111102817_s28_430nm_day7.png
140111102817_s28_540nm_day7,2134 762; 2583 762; 2583 1756; 2134 1756,540,140111102817,s28,7,7,6,5,6,6,.\result\140111102817_day7\140111102817_day7\s28\140111102817_s28_540nm_day7.png
140111102817_s29_430nm_day7,2076 762; 2489 762; 2489 1698; 2076 1698,430,140111102817,s29,7,7,7,5,6,5,.\result\140111102817_day7\140111102817_day7\s29\140111102817_s29_430nm_day7.png
140111102817_s29_540nm_day7,2192 758; 2605 758; 2605 1788; 2192 1788,540,140111102817,s29,7,7,7,5,6,5,.\result\140111102817_day7\140111102817_day7\s29\140111102817_s29_540nm_day7.png
140111102817_s30_430nm_day7,2144 778; 2589 778; 2589 1905; 2144 1905,430,140111102817,s30,7,7,7,5,6,6,.\result\140111102817_day7\140111102817_day7\s30\140111102817_s30_430nm_day7.png
140111102817_s30_540nm_day7,2308 813; 2793 813; 2793 1940; 2308 1940,540,140111102817,s30,7,7,7,5,6,6,.\result\140111102817_day7\140111102817_day7\s30\140111102817_s30_540nm_day7.png
140111102817_s31_430nm_day7,2153 862; 2602 862; 2602 1617; 2153 1617,430,140111102817,s31,7,7,6,5,6,6,.\result\140111102817_day7\140111102817_day7\s31\140111102817_s31_430nm_day7.png
140111102817_s31_540nm_day7,2237 862; 2735 862; 2735 1530; 2237 1530,540,140111102817,s31,7,7,6,5,6,6,.\result\140111102817_day7\140111102817_day7\s31\140111102817_s31_540nm_day7.png
140111102817_s32_430nm_day7,2053 733; 2551 733; 2551 1656; 2053 1656,430,140111102817,s32,7,6,7,5,6,5,.\result\140111102817_day7\140111102817_day7\s32\140111102817_s32_430nm_day7.png
140111102817_s32_540nm_day7,1918 765; 2473 765; 2473 1695; 1918 1695,540,140111102817,s32,7,6,7,5,6,5,.\result\140111102817_day7\140111102817_day7\s32\140111102817_s32_540nm_day7.png
140111102817_s33_430nm_day7,2108 871; 2693 871; 2693 1750; 2108 1750,430,140111102817,s33,7,7,7,5,5,6,.\result\140111102817_day7\140111102817_day7\s33\140111102817_s33_430nm_day7.png
140111102817_s33_540nm_day7,1998 900; 2570 900; 2570 1779; 1998 1779,540,140111102817,s33,7,7,7,5,5,6,.\result\140111102817_day7\140111102817_day7\s33\140111102817_s33_540nm_day7.png
140111102817_s34_430nm_day7,2002 920; 2447 920; 2447 1834; 2002 1834,430,140111102817,s34,7,8,7,5,6,5,.\result\140111102817_day7\140111102817_day7\s35\140111102817_s34_430nm_day7.png
140111102817_s34_540nm_day7,1940 852; 2370 852; 2370 1792; 1940 1792,540,140111102817,s34,7,8,7,5,6,5,.\result\140111102817_day7\140111102817_day7\s34\140111102817_s34_540nm_day7.png
140111102817_s35_430nm_day7,2086 868; 2647 868; 2647 1814; 2086 1814,430,140111102817,s35,7,8,8,4,6,5,
140111102817_s35_540nm_day7,2150 884; 2696 884; 2696 1818; 2150 1818,540,140111102817,s35,7,8,8,4,6,5,.\result\140111102817_day7\140111102817_day7\s35\140111102817_s35_540nm_day7.png
140111102817_s36_430nm_day7,2092 739; 2683 739; 2683 1672; 2092 1672,430,140111102817,s36,7,7,7,6,5,6,.\result\140111102817_day7\140111102817_day7\s36\140111102817_s36_430nm_day7.png
140111102817_s36_540nm_day7,2131 713; 2673 713; 2673 1688; 2131 1688,540,140111102817,s36,7,7,7,6,5,6,
140111102817_s37_430nm_day7,1973 784; 2467 784; 2467 1763; 1973 1763,430,140111102817,s37,7,7,6,6,6,6,.\result\140111102817_day7\140111102817_day7\s37\140111102817_s37_430nm_day7.png
140111102817_s37_540nm_day7,1979 749; 2479 749; 2479 1785; 1979 1785,540,140111102817,s37,7,7,6,6,6,6,.\result\140111102817_day7\140111102817_day7\s37\140111102817_s37_540nm_day7.png
140111102817_s38_430nm_day7,2069 681; 2499 681; 2499 1872; 2069 1872,430,140111102817,s38,7,6,6,7,5,6,.\result\140111102817_day7\140111102817_day7\s38\140111102817_s38_430nm_day7.png
140111102817_s38_540nm_day7,2005 652; 2428 652; 2428 1908; 2005 1908,540,140111102817,s38,7,6,6,7,5,6,.\result\140111102817_day7\140111102817_day7\s38\140111102817_s38_540nm_day7.png
140111102817_s39_430nm_day7,2069 907; 2673 907; 2673 1730; 2069 1730,430,140111102817,s39,7,8,7,6,6,6,.\result\140111102817_day7\140111102817_day7\s39\140111102817_s39_430nm_day7.png
140111102817_s39_540nm_day7,2182 829; 2783 829; 2783 1653; 2182 1653,540,140111102817,s39,7,8,7,6,6,6,.\result\140111102817_day7\140111102817_day7\s39\140111102817_s39_540nm_day7.png
140111102817_s40_430nm_day7,1908 826; 2521 826; 2521 1653; 1908 1653,430,140111102817,s40,7,8,6,5,6,6,.\result\140111102817_day7\140111102817_day7\s40\140111102817_s40_430nm_day7.png
140111102817_s40_540nm_day7,1966 762; 2638 762; 2638 1608; 1966 1608,540,140111102817,s40,7,8,6,5,6,6,.\result\140111102817_day7\140111102817_day7\s40\140111102817_s40_540nm_day7.png
140111102817_s41_430nm_day7,2350 1010; 2767 1010; 2767 1889; 2350 1889,430,140111102817,s41,7,7,7,7,5,7,.\result\140111102817_day7\140111102817_day7\s41\140111102817_s41_430nm_day7.png
140111102817_s41_540nm_day7,2483 923; 2912 923; 2912 1808; 2483 1808,540,140111102817,s41,7,7,7,7,5,7,.\result\140111102817_day7\140111102817_day7\s41\140111102817_s41_540nm_day7.png
140111102817_s42_430nm_day7,2005 1036; 2567 1036; 2567 1801; 2005 1801,430,140111102817,s42,7,7,6,6,5,6,.\result\140111102817_day7\140111102817_day7\s42\140111102817_s42_430nm_day7.png
140111102817_s42_540nm_day7,2202 942; 2780 942; 2780 1714; 2202 1714,540,140111102817,s42,7,7,6,6,5,6,.\result\140111102817_day7\140111102817_day7\s42\140111102817_s42_540nm_day7.png
140111102817_s43_430nm_day7,2283 713; 2576 713; 2576 1801; 2283 1801,430,140111102817,s43,7,8,7,5,6,5,.\result\140111102817_day7\140111102817_day7\s43\140111102817_s43_430nm_day7.png
140111102817_s43_540nm_day7,2289 707; 2586 707; 2586 1788; 2289 1788,540,140111102817,s43,7,8,7,5,6,5,.\result\140111102817_day7\140111102817_day7\s43\140111102817_s43_540nm_day7.png
140111102817_s44_430nm_day7,2283 714; 2631 842; 2631 1679; 2140 1679,430,140111102817,s44,7,6,7,5,5,6,.\result\140111102817_day7\140111102817_day7\s44\140111102817_s44_430nm_day7.png
140111102817_s44_540nm_day7,2098 807; 2622 807; 2622 1698; 2098 1698,540,140111102817,s44,7,6,7,5,5,6,.\result\140111102817_day7\140111102817_day7\s44\140111102817_s44_540nm_day7.png
140111102817_s45_430nm_day7,2082 900; 2583 900; 2583 1827; 2082 1827,430,140111102817,s45,7,7,7,6,5,6,.\result\140111102817_day7\140111102817_day7\s45\140111102817_s45_430nm_day7.png
140111102817_s45_540nm_day7,2089 820; 2618 820; 2618 1698; 2089 1698,540,140111102817,s45,7,7,7,6,5,6,.\result\140111102817_day7\140111102817_day7\s45\140111102817_s45_540nm_day7.png
140111102817_s46_430nm_day7,2082 804; 2541 804; 2541 1553; 2082 1553,430,140111102817,s46,7,7,6,6,6,5,.\result\140111102817_day7\140111102817_day7\s46\140111102817_s46_430nm_day7.png
140111102817_s46_540nm_day7,2037 762; 2525 762; 2525 1533; 2037 1533,540,140111102817,s46,7,7,6,6,6,5,.\result\140111102817_day7\140111102817_day7\s46\140111102817_s46_540nm_day7.png
140111102817_s47_430nm_day7,2069 752; 2560 752; 2560 1892; 2069 1892,430,140111102817,s47,7,5,6,5,6,5,.\result\140111102817_day7\140111102817_day7\s47\140111102817_s47_430nm_day7.png
140111102817_s47_540nm_day7,2037 726; 2544 726; 2544 1924; 2037 1924,540,140111102817,s47,7,5,6,5,6,5,.\result\140111102817_day7\140111102817_day7\s47\140111102817_s47_540nm_day7.png
140111102817_s48_430nm_day7,1952 821; 2521 821; 2521 1553; 1952 1553,430,140111102817,s48,7,8,8,5,6,5,.\result\140111102817_day7\140111102817_day7\s48\140111102817_s48_430nm_day7.png
140111102817_s48_540nm_day7,2053 800; 2634 800; 2634 1553; 2053 1553,540,140111102817,s48,7,8,8,5,6,5,.\result\140111102817_day7\140111102817_day7\s48\140111102817_s48_540nm_day7.png
140111102817_s49_430nm_day7,1824 842; 2441 842; 2441 1840; 1824 1840,430,140111102817,s49,7,7,6,6,5,5,.\result\140111102817_day7\140111102817_day7\s49\140111102817_s49_430nm_day7.png
140111102817_s49_540nm_day7,1872 846; 2476 846; 2476 1882; 1872 1882,540,140111102817,s49,7,7,6,6,5,5,.\result\140111102817_day7\140111102817_day7\s49\140111102817_s49_540nm_day7.png
140111102817_s50_430nm_day7,2179 839; 2615 839; 2615 1850; 2179 1850,430,140111102817,s50,7,9,6,6,5,6,.\result\140111102817_day7\140111102817_day7\s50\140111102817_s50_430nm_day7.png
140111102817_s50_540nm_day7,1866 842; 2476 842; 2476 1863; 1866 1863,540,140111102817,s50,7,9,6,6,5,6,.\result\140111102817_day7\140111102817_day7\s50\140111102817_s50_540nm_day7.png
140111102817_s51_430nm_day7,2105 900; 2441 900; 2441 1882; 2105 1882,430,140111102817,s51,7,7,5,5,6,4,.\result\140111102817_day7\140111102817_day7\s51\140111102817_s51_430nm_day7.png
140111102817_s51_540nm_day7,2154 932; 2523 932; 2523 1969; 2154 1969,540,140111102817,s51,7,7,5,5,6,4,.\result\140111102817_day7\140111102817_day7\s51\140111102817_s51_540nm_day7.png
140111102817_s52_430nm_day7,2182 674; 2525 674; 2525 1595; 2182 1595,430,140111102817,s52,7,7,6,6,5,5,.\result\140111102817_day7\140111102817_day7\s52\140111102817_s52_430nm_day7.png
140111102817_s52_540nm_day7,2221 639; 2570 639; 2570 1579; 2221 1579,540,140111102817,s52,7,7,6,6,5,5,.\result\140111102817_day7\140111102817_day7\s52\140111102817_s52_540nm_day7.png
140111102817_s53_430nm_day7,2089 1062; 2583 1062; 2583 1863; 2089 1863,430,140111102817,s53,7,8,6,5,5,5,.\result\140111102817_day7\140111102817_day7\s53\140111102817_s53_430nm_day7.png
140111102817_s53_540nm_day7,2095 1030; 2593 1030; 2593 1882; 2095 1882,540,140111102817,s53,7,8,6,5,5,5,.\result\140111102817_day7\140111102817_day7\s53\140111102817_s53_540nm_day7.png
140111102817_s54_430nm_day7,2211 852; 2706 852; 2706 1740; 2211 1740,430,140111102817,s54,7,7,6,6,5,5,.\result\140111102817_day7\140111102817_day7\s54\140111102817_s54_430nm_day7.png
140111102817_s54_540nm_day7,2063 923; 2576 923; 2576 1776; 2063 1776,540,140111102817,s54,7,7,6,6,5,5,.\result\140111102817_day7\140111102817_day7\s54\140111102817_s54_540nm_day7.png
140111102817_s55_430nm_day7,2098 855; 2673 855; 2673 1646; 2098 1646,430,140111102817,s55,7,7,6,6,6,5,.\result\140111102817_day7\140111102817_day7\s55\140111102817_s55_430nm_day7.png
140111102817_s55_540nm_day7,2031 871; 2573 871; 2573 1701; 2031 1701,540,140111102817,s55,7,7,6,6,6,5,.\result\140111102817_day7\140111102817_day7\s55\140111102817_s55_540nm_day7.png
140111102817_s56_430nm_day7,2073 897; 2483 897; 2483 1646; 2073 1646,430,140111102817,s56,7,7,6,4,5,4,.\result\140111102817_day7\140111102817_day7\s56\140111102817_s56_430nm_day7.png
140111102817_s56_540nm_day7,1924 920; 2341 920; 2341 1685; 1924 1685,540,140111102817,s56,7,7,6,4,5,4,.\result\140111102817_day7\140111102817_day7\s56\140111102817_s56_540nm_day7.png
140111102836_s1_430nm_day1,2202 801; 2654 801; 2654 1855; 2202 1855,430,140111102836,s1,1,8,8,6,5,7,
140111102836_s1_540nm_day1,2228 774; 2718 774; 2718 1872; 2228 1872,540,140111102836,s1,1,8,8,6,5,7,
140111102836_s1_580nm_day1,2131 716; 2647 716; 2647 1759; 2131 1759,580,140111102836,s1,1,8,8,6,5,7,
140111102836_s2_430nm_day1,2086 778; 2712 778; 2712 1530; 2086 1530,430,140111102836,s2,1,7,7,7,6,7,
140111102836_s2_540nm_day1,2027 758; 2631 758; 2631 1608; 2027 1608,540,140111102836,s2,1,7,7,7,6,7,
140111102836_s2_580nm_day1,2069 774; 2683 774; 2683 1595; 2069 1595,580,140111102836,s2,1,7,7,7,6,7,
140111102836_s3_430nm_day1,1966 884; 2641 884; 2641 1630; 1966 1630,430,140111102836,s3,1,6,7,6,6,7,
140111102836_s3_540nm_day1,1960 907; 2641 907; 2641 1614; 1960 1614,540,140111102836,s3,1,6,7,6,6,7,
140111102836_s3_580nm_day1,1911 897; 2551 897; 2551 1643; 1911 1643,580,140111102836,s3,1,6,7,6,6,7,
140111102836_s4_430nm_day1,1956 952; 2660 952; 2660 1646; 1956 1646,430,140111102836,s4,1,6,8,6,6,6,
140111102836_s4_540nm_day1,2008 875; 2754 875; 2754 1637; 2008 1637,540,140111102836,s4,1,6,8,6,6,6,
140111102836_s4_580nm_day1,1943 888; 2670 888; 2670 1646; 1943 1646,580,140111102836,s4,1,6,8,6,6,6,
140111102836_s5_430nm_day1,2211 926; 2877 926; 2877 1569; 2211 1569,430,140111102836,s5,1,6,8,7,5,6,
140111102836_s5_540nm_day1,2095 975; 2735 975; 2735 1640; 2095 1640,540,140111102836,s5,1,6,8,7,5,6,
140111102836_s5_580nm_day1,2147 949; 2789 949; 2789 1633; 2147 1633,580,140111102836,s5,1,6,8,7,5,6,
140111102836_s6_430nm_day1,1998 929; 2731 929; 2731 1672; 1998 1672,430,140111102836,s6,1,7,8,5,6,7,
140111102836_s6_540nm_day1,1976 888; 2728 888; 2728 1669; 1976 1669,540,140111102836,s6,1,7,8,5,6,7,
140111102836_s6_580nm_day1,1982 875; 2699 875; 2699 1653; 1982 1653,580,140111102836,s6,1,7,8,5,6,7,
140111102836_s7_430nm_day1,2014 1004; 2699 1004; 2699 1601; 2014 1601,430,140111102836,s7,1,5,8,5,6,6,
140111102836_s7_540nm_day1,2014 962; 2715 962; 2715 1566; 2014 1566,540,140111102836,s7,1,5,8,5,6,6,
140111102836_s7_580nm_day1,1834 1001; 2544 1001; 2544 1608; 1834 1608,580,140111102836,s7,1,5,8,5,6,6,
140111102836_s8_430nm_day1,2056 1007; 2673 1007; 2673 1608; 2056 1608,430,140111102836,s8,1,7,8,5,6,6,
140111102836_s8_540nm_day1,2150 1007; 2770 1007; 2770 1588; 2150 1588,540,140111102836,s8,1,7,8,5,6,6,
140111102836_s8_580nm_day1,2192 897; 2789 897; 2789 1501; 2192 1501,580,140111102836,s8,1,7,8,5,6,6,
140111102836_s9_430nm_day1,2289 897; 2728 897; 2728 1737; 2289 1737,430,140111102836,s9,1,6,8,5,7,5,
140111102836_s9_540nm_day1,2349 864; 2817 864; 2817 1711; 2349 1711,540,140111102836,s9,1,6,8,5,7,5,
140111102836_s9_580nm_day1,2352 841; 2837 841; 2837 1680; 2352 1680,580,140111102836,s9,1,6,8,5,7,5,
140111102836_s10_430nm_day1,2037 794; 2631 794; 2631 1546; 2037 1546,430,140111102836,s10,1,7,7,7,5,7,
140111102836_s10_540nm_day1,1966 778; 2557 778; 2557 1604; 1966 1604,540,140111102836,s10,1,7,7,7,5,7,
140111102836_s10_580nm_day1,2060 765; 2670 765; 2670 1582; 2060 1582,580,140111102836,s10,1,7,7,7,5,7,
140111102836_s11_430nm_day1,2060 1068; 2612 1068; 2612 1633; 2060 1633,430,140111102836,s11,1,8,7,6,5,8,
140111102836_s11_540nm_day1,1918 1050; 2488 1050; 2488 1572; 1918 1572,540,140111102836,s11,1,8,7,6,5,8,
140111102836_s11_580nm_day1,1998 1046; 2534 1046; 2534 1611; 1998 1611,580,140111102836,s11,1,8,7,6,5,8,
140111102836_s12_430nm_day1,1969 1004; 2651 1004; 2651 1495; 1969 1495,430,140111102836,s12,1,8,6,5,5,7,
140111102836_s12_540nm_day1,2086 952; 2770 952; 2770 1498; 2086 1498,540,140111102836,s12,1,8,6,5,5,7,
140111102836_s12_580nm_day1,1995 975; 2686 975; 2686 1511; 1995 1511,580,140111102836,s12,1,8,6,5,5,7,
140111102836_s13_430nm_day1,2050 855; 2538 855; 2538 1601; 2050 1601,430,140111102836,s13,1,8,7,5,5,8,
140111102836_s13_540nm_day1,2105 836; 2618 836; 2618 1604; 2105 1604,540,140111102836,s13,1,8,7,5,5,8,
140111102836_s13_580nm_day1,2063 823; 2580 823; 2580 1579; 2063 1579,580,140111102836,s13,1,8,7,5,5,8,
140111102836_s14_430nm_day1,1998 849; 2447 849; 2447 1566; 1998 1566,430,140111102836,s14,1,7,7,6,5,7,
140111102836_s14_540nm_day1,2069 713; 2554 713; 2554 1504; 2069 1504,540,140111102836,s14,1,7,7,6,5,7,
140111102836_s14_580nm_day1,2144 749; 2628 749; 2628 1562; 2144 1562,580,140111102836,s14,1,7,7,6,5,7,
140111102836_s15_430nm_day1,2224 726; 2767 726; 2767 1165; 2224 1165,430,140111102836,s15,1,7,6,6,5,6,
140111102836_s15_540nm_day1,2253 816; 2825 816; 2825 1298; 2253 1298,540,140111102836,s15,1,7,6,6,5,6,
140111102836_s15_580nm_day1,2228 823; 2799 823; 2799 1304; 2228 1304,580,140111102836,s15,1,7,6,6,5,6,
140111102836_s16_430nm_day1,2186 846; 2722 846; 2722 1362; 2186 1362,430,140111102836,s16,1,7,7,6,6,6,
140111102836_s16_540nm_day1,2157 768; 2699 768; 2699 1301; 2157 1301,540,140111102836,s16,1,7,7,6,6,6,
140111102836_s16_580nm_day1,2140 839; 2702 839; 2702 1343; 2140 1343,580,140111102836,s16,1,7,7,6,6,6,
140111102836_s1_430nm_day1,1969 810; 2563 810; 2563 1947; 1969 1947,430,140111102836,s1,1,8,7,7,4,7,
140111102836_s1_540nm_day1,2036 757; 2609 757; 2609 1909; 2036 1909,540,140111102836,s1,1,8,7,7,4,7,
140111102836_s1_580nm_day1,2095 791; 2660 791; 2660 1937; 2095 1937,580,140111102836,s1,1,8,7,7,4,7,
140111102836_s2_430nm_day1,2211 862; 2831 862; 2831 1704; 2211 1704,430,140111102836,s2,1,7,7,7,5,6,
140111102836_s2_540nm_day1,2063 849; 2631 849; 2631 1818; 2063 1818,540,140111102836,s2,1,7,7,7,5,6,
140111102836_s2_580nm_day1,2066 813; 2651 813; 2651 1759; 2066 1759,580,140111102836,s2,1,7,7,7,5,6,
140111102836_s3_430nm_day1,2092 794; 2757 794; 2757 1585; 2092 1585,430,140111102836,s3,1,6,7,7,5,6,
140111102836_s3_540nm_day1,2108 681; 2777 681; 2777 1498; 2108 1498,540,140111102836,s3,1,6,7,7,5,6,
140111102836_s3_580nm_day1,2108 710; 2835 710; 2835 1491; 2108 1491,580,140111102836,s3,1,6,7,7,5,6,
140111102836_s4_430nm_day1,2073 881; 2744 881; 2744 1685; 2073 1685,430,140111102836,s4,1,6,7,6,5,6,
140111102836_s4_540nm_day1,2111 826; 2773 826; 2773 1669; 2111 1669,540,140111102836,s4,1,6,7,6,5,6,
140111102836_s4_580nm_day1,2237 794; 2948 794; 2948 1579; 2237 1579,580,140111102836,s4,1,6,7,6,5,6,
140111102836_s5_430nm_day1,2121 810; 2731 810; 2731 1459; 2121 1459,430,140111102836,s5,1,6,7,5,6,5,
140111102836_s5_540nm_day1,2128 868; 2751 868; 2751 1540; 2128 1540,540,140111102836,s5,1,6,7,5,6,5,
140111102836_s5_580nm_day1,2108 836; 2725 836; 2725 1524; 2108 1524,580,140111102836,s5,1,6,7,5,6,5,
140111102836_s6_430nm_day1,2011 913; 2802 913; 2802 1682; 2011 1682,430,140111102836,s6,1,7,7,6,5,6,
140111102836_s6_540nm_day1,1998 894; 2741 894; 2741 1682; 1998 1682,540,140111102836,s6,1,7,7,6,5,6,
140111102836_s6_580nm_day1,2060 913; 2835 913; 2835 1688; 2060 1688,580,140111102836,s6,1,7,7,6,5,6,
140111102836_s7_430nm_day1,2056 955; 2699 955; 2699 1572; 2056 1572,430,140111102836,s7,1,5,6,6,5,6,
140111102836_s7_540nm_day1,2011 875; 2657 875; 2657 1533; 2011 1533,540,140111102836,s7,1,5,6,6,5,6,
140111102836_s7_580nm_day1,2005 891; 2683 891; 2683 1543; 2005 1543,580,140111102836,s7,1,5,6,6,5,6,
140111102836_s8_430nm_day1,2027 865; 2718 865; 2718 1585; 2027 1585,430,140111102836,s8,1,7,6,6,4,7,
140111102836_s8_540nm_day1,2027 855; 2696 855; 2696 1569; 2027 1569,540,140111102836,s8,1,7,6,6,4,7,
140111102836_s8_580nm_day1,2044 862; 2702 862; 2702 1604; 2044 1604,580,140111102836,s8,1,7,6,6,4,7,
140111102836_s9_430nm_day1,2173 1010; 2718 1010; 2718 1918; 2173 1918,430,140111102836,s9,1,6,7,5,5,6,
140111102836_s9_540nm_day1,2105 981; 2683 981; 2683 1914; 2105 1914,540,140111102836,s9,1,6,7,5,5,6,
140111102836_s9_580nm_day1,2060 991; 2641 991; 2641 1918; 2060 1918,580,140111102836,s9,1,6,7,5,5,6,
140111102836_s10_430nm_day1,2118 765; 2848 765; 2848 1527; 2118 1527,430,140111102836,s10,1,7,6,6,5,6,
140111102836_s10_540nm_day1,2073 771; 2802 771; 2802 1540; 2073 1540,540,140111102836,s10,1,7,6,6,5,6,
140111102836_s10_580nm_day1,2076 765; 2796 765; 2796 1559; 2076 1559,580,140111102836,s10,1,7,6,6,5,6,
140111102836_s11_430nm_day1,2060 1068; 2612 1068; 2612 1633; 2060 1633,430,140111102836,s11,1,8,7,5,6,6,
140111102836_s11_540nm_day1,1918 1050; 2488 1050; 2488 1572; 1918 1572,540,140111102836,s11,1,8,7,5,6,6,
140111102836_s11_580nm_day1,1998 1046; 2534 1046; 2534 1611; 1998 1611,580,140111102836,s11,1,8,7,5,6,6,
140111102836_s12_430nm_day1,1969 1004; 2651 1004; 2651 1495; 1969 1495,430,140111102836,s12,1,8,6,6,4,7,
140111102836_s12_540nm_day1,2086 952; 2770 952; 2770 1498; 2086 1498,540,140111102836,s12,1,8,6,6,4,7,
140111102836_s12_580nm_day1,1995 975; 2686 975; 2686 1511; 1995 1511,580,140111102836,s12,1,8,6,6,4,7,
140111102836_s13_430nm_day1,2050 855; 2538 855; 2538 1601; 2050 1601,430,140111102836,s13,1,8,7,6,5,6,
140111102836_s13_540nm_day1,2105 836; 2618 836; 2618 1604; 2105 1604,540,140111102836,s13,1,8,7,6,5,6,
140111102836_s13_580nm_day1,1998 1046; 2534 1046; 2534 1611; 1998 1611,580,140111102836,s13,1,8,7,6,5,6,
140111102836_s14_430nm_day1,1998 849; 2447 849; 2447 1566; 1998 1566,430,140111102836,s14,1,7,7,6,5,6,
140111102836_s14_540nm_day1,2069 713; 2554 713; 2554 1504; 2069 1504,540,140111102836,s14,1,7,7,6,5,6,
140111102836_s14_580nm_day1,2144 749; 2628 749; 2628 1562; 2144 1562,580,140111102836,s14,1,7,7,6,5,6,
140111102836_s15_430nm_day1,2224 726; 2767 726; 2767 1165; 2224 1165,430,140111102836,s15,1,7,7,5,5,5,
140111102836_s15_540nm_day1,2253 816; 2825 816; 2825 1298; 2253 1298,540,140111102836,s15,1,7,7,5,5,5,
140111102836_s15_580nm_day1,2228 823; 2799 823; 2799 1304; 2228 1304,580,140111102836,s15,1,7,7,5,5,5,
140111102836_s16_540nm_day1,2157 768; 2699 768; 2699 1301; 2157 1301,540,140111102836,s16,1,7,6,6,4,6,
140111102836_s16_580nm_day1,2140 839; 2702 839; 2702 1343; 2140 1343,580,140111102836,s16,1,7,6,6,4,6,
140111102842_s1_430nm_day1,2046 827; 2590 827; 2590 1763; 2046 1763,430,140111102842,s1,1,7,6,7,5,6,
140111102842_s1_540nm_day1,2102 755; 2593 755; 2593 1759; 2102 1759,540,140111102842,s1,1,7,6,7,5,6,
140111102842_s2_430nm_day1,1909 926; 2520 926; 2520 1654; 1909 1654,430,140111102842,s2,1,6,8,6,7,6,
140111102842_s2_540nm_day1,2018 942; 2580 942; 2580 1769; 2018 1769,540,140111102842,s2,1,6,8,6,7,6,
140111102842_s3_430nm_day1,1909 973; 2510 973; 2510 1759; 1909 1759,430,140111102842,s3,1,6,6,7,5,7,
140111102842_s3_540nm_day1,1859 1075; 2470 1075; 2470 1840; 1859 1840,540,140111102842,s3,1,6,6,7,5,7,
140111102842_s4_430nm_day1,2144 913; 2735 913; 2735 1630; 2144 1630,430,140111102842,s4,1,7,9,6,5,6,
140111102842_s4_540nm_day1,2086 913; 2628 913; 2628 1663; 2086 1663,540,140111102842,s4,1,7,9,6,5,6,
140111102842_s5_430nm_day1,2086 1007; 2699 1007; 2699 1688; 2086 1688,430,140111102842,s5,1,6,9,5,7,5,
140111102842_s5_540nm_day1,2098 1001; 2715 1001; 2715 1701; 2098 1701,540,140111102842,s5,1,6,9,5,7,5,
140111102842_s6_430nm_day1,1866 955; 2470 955; 2470 1669; 1866 1669,430,140111102842,s6,1,7,9,5,6,5,
140111102842_s6_540nm_day1,1973 917; 2557 917; 2557 1672; 1973 1672,540,140111102842,s6,1,7,9,5,6,5,
140111102842_s1_430nm_day7,2250 755; 2725 755; 2725 1695; 2250 1695,430,140111102842,s1,7,7,6,7,5,6,.\result\140111102842_day7\140111102842_day7\s1\140111102842_s1_430nm_day7.png
140111102842_s1_540nm_day7,2173 716; 2660 716; 2660 1664; 2173 1664,540,140111102842,s1,7,7,6,7,5,6,.\result\140111102842_day7\140111102842_day7\s1\140111102842_s1_540nm_day7.png
140111102842_s1_580nm_day7,2202 729; 2673 729; 2673 1688; 2202 1688,580,140111102842,s1,7,7,6,7,5,6,.\result\140111102842_day7\140111102842_day7\s1\140111102842_s1_580nm_day7.png
140111102842_s2_430nm_day7,2199 955; 2806 955; 2806 1898; 2199 1898,430,140111102842,s2,7,6,8,6,5,6,.\result\140111102842_day7\140111102842_day7\s2\140111102842_s2_430nm_day7.png
140111102842_s2_540nm_day7,2050 965; 2654 965; 2654 1853; 2050 1853,540,140111102842,s2,7,6,8,6,5,6,.\result\140111102842_day7\140111102842_day7\s2\140111102842_s2_540nm_day7.png
140111102842_s2_580nm_day7,2089 952; 2686 952; 2686 1863; 2089 1863,580,140111102842,s2,7,6,8,6,5,6,.\result\140111102842_day7\140111102842_day7\s2\140111102842_s2_580nm_day7.png
140111102842_s3_430nm_day7,2050 910; 2667 910; 2667 1704; 2050 1704,430,140111102842,s3,7,6,6,5,5,5,.\result\140111102842_day7\140111102842_day7\s3\140111102842_s3_430nm_day7.png
140111102842_s3_540nm_day7,2008 910; 2654 910; 2654 1688; 2008 1688,540,140111102842,s3,7,6,6,5,5,5,.\result\140111102842_day7\140111102842_day7\s3\140111102842_s3_540nm_day7.png
140111102842_s3_580nm_day7,2073 913; 2709 913; 2709 1704; 2073 1704,580,140111102842,s3,7,6,6,5,5,5,.\result\140111102842_day7\140111102842_day7\s3\140111102842_s3_580nm_day7.png
140111102842_s4_430nm_day7,1966 855; 2554 855; 2554 1556; 1966 1556,430,140111102842,s4,7,7,9,6,4,6,.\result\140111102842_day7\140111102842_day7\s4\140111102842_s4_430nm_day7.png
140111102842_s4_540nm_day7,1950 904; 2551 904; 2551 1611; 1950 1611,540,140111102842,s4,7,7,9,6,4,6,.\result\140111102842_day7\140111102842_day7\s4\140111102842_s4_540nm_day7.png
140111102842_s4_580nm_day7,2008 878; 2622 878; 2622 1562; 2008 1562,580,140111102842,s4,7,7,9,6,4,6,.\result\140111102842_day7\140111102842_day7\s4\140111102842_s4_580nm_day7.png
140111102842_s5_430nm_day7,2186 920; 2841 920; 2841 1666; 2186 1666,430,140111102842,s5,7,6,9,6,5,5,.\result\140111102842_day7\140111102842_day7\s5\140111102842_s5_430nm_day7.png
140111102842_s5_540nm_day7,2221 939; 2896 939; 2896 1688; 2221 1688,540,140111102842,s5,7,6,9,6,5,5,.\result\140111102842_day7\140111102842_day7\s5\140111102842_s5_540nm_day7.png
140111102842_s5_580nm_day7,2218 920; 2903 920; 2903 1650; 2218 1650,580,140111102842,s5,7,6,9,6,5,5,.\result\140111102842_day7\140111102842_day7\s5\140111102842_s5_580nm_day7.png
140111102842_s6_430nm_day7,2037 965; 2644 965; 2644 1743; 2037 1743,430,140111102842,s6,7,7,9,6,5,6,.\result\140111102842_day7\140111102842_day7\s6\140111102842_s6_430nm_day7.png
140111102842_s6_540nm_day7,2131 936; 2738 936; 2738 1759; 2131 1759,540,140111102842,s6,7,7,9,6,5,6,.\result\140111102842_day7\140111102842_day7\s6\140111102842_s6_540nm_day7.png
140111102842_s6_580nm_day7,2199 929; 2838 929; 2838 1714; 2199 1714,580,140111102842,s6,7,7,9,6,5,6,.\result\140111102842_day7\140111102842_day7\s6\140111102842_s6_580nm_day7.png
140111102843_s1_430nm_day1,2001 1046; 2663 1046; 2663 1712; 2001 1712,430,140111102843,s1,1,6,7,6,5,5,
140111102843_s1_540nm_day1,2073 1059; 2744 1059; 2744 1714; 2073 1714,540,140111102843,s1,1,6,7,6,5,5,
140111102843_s2_430nm_day1,2069 1020; 2418 1020; 2418 1805; 2069 1805,430,140111102843,s2,1,5,8,6,5,5,
140111102843_s2_540nm_day1,2109 770; 2701 770; 2701 2008; 2109 2008,540,140111102843,s2,1,5,8,6,5,5,
140111102843_s3_430nm_day1,2069 736; 2651 736; 2651 1995; 2069 1995,430,140111102843,s3,1,6,4,4,5,3,
140111102843_s3_540nm_day1,2144 723; 2673 723; 2673 2008; 2144 2008,540,140111102843,s3,1,6,4,4,5,3,
140111102843_s1_430nm_day7,2024 1049; 2651 1049; 2651 1847; 2024 1847,430,140111102843,s1,7,6,7,6,5,6,.\result\140111102843_day7\140111102843_day7\s1\140111102843_s1_430nm_day7.png
140111102843_s1_540nm_day7,1985 1078; 2628 1078; 2628 1818; 1985 1818,540,140111102843,s1,7,6,7,6,5,6,.\result\140111102843_day7\140111102843_day7\s1\140111102843_s1_540nm_day7.png
140111102843_s1_580nm_day7,2053 997; 2699 997; 2699 1763; 2053 1763,580,140111102843,s1,7,6,7,6,5,6,.\result\140111102843_day7\140111102843_day7\s1\140111102843_s1_580nm_day7.png
140111102843_s2_430nm_day7,2092 920; 2702 920; 2702 1766; 2092 1766,430,140111102843,s2,7,5,8,6,5,6,.\result\140111102843_day7\140111102843_day7\s2\140111102843_s2_430nm_day7.png
140111102843_s2_540nm_day7,2150 900; 2741 900; 2741 1759; 2150 1759,540,140111102843,s2,7,5,8,6,5,6,.\result\140111102843_day7\140111102843_day7\s2\140111102843_s2_540nm_day7.png
140111102843_s2_580nm_day7,2128 926; 2735 926; 2735 1772; 2128 1772,580,140111102843,s2,7,5,8,6,5,6,.\result\140111102843_day7\140111102843_day7\s2\140111102843_s2_580nm_day7.png
140111102843_s3_430nm_day7,2318 571; 2925 571; 2925 1640; 2318 1640,430,140111102843,s3,7,6,6,5,4,7,.\result\140111102843_day7\140111102843_day7\s3\140111102843_s3_430nm_day7.png
140111102843_s3_540nm_day7,2831 565; 2276 565; 2831 1675; 2276 1675,540,140111102843,s3,7,6,6,5,4,7,.\result\140111102843_day7\140111102843_day7\s3\140111102843_s3_540nm_day7.png
140111102843_s3_580nm_day7,2777 594; 2276 565; 2777 1714; 2218 1714,580,140111102843,s3,7,6,6,5,4,7,.\result\140111102843_day7\140111102843_day7\s3\140111102843_s3_580nm_day7.png
140113800666_s1_430nm_day1,2102 794; 2589 794; 2589 1743; 2102 1743,430,140113800666,s1,1,7,9,6,5,6,
140113800666_s1_540nm_day1,2176 808; 2669 808; 2669 1804; 2176 1804,540,140113800666,s1,1,7,9,6,5,6,
140113800666_s1_580nm_day1,2069 804; 2573 804; 2573 1801; 2069 1801,580,140113800666,s1,1,7,9,6,5,6,
140113800666_s2_430nm_day1,2079 910; 2702 910; 2702 1698; 2079 1698,430,140113800666,s2,1,6,6,6,5,7,
140113800666_s2_540nm_day1,2163 807; 2676 807; 2676 1824; 2163 1824,540,140113800666,s2,1,6,6,6,5,7,
140113800666_s2_580nm_day1,2060 891; 2676 891; 2676 1750; 2060 1750,580,140113800666,s2,1,6,6,6,5,7,
140113800666_s3_430nm_day1,2086 894; 2767 894; 2767 1750; 2086 1750,430,140113800666,s3,1,7,8,6,4,7,
140113800666_s3_540nm_day1,1985 827; 2650 827; 2650 1731; 1985 1731,540,140113800666,s3,1,7,8,6,4,7,
140113800666_s3_580nm_day1,2031 752; 2699 752; 2699 1659; 2031 1659,580,140113800666,s3,1,7,8,6,4,7,
140113800666_s4_430nm_day1,1985 929; 2680 929; 2680 1627; 1985 1627,430,140113800666,s4,1,6,7,6,4,6,
140113800666_s4_540nm_day1,1969 900; 2657 900; 2657 1672; 1969 1672,540,140113800666,s4,1,6,7,6,4,6,
140113800666_s4_580nm_day1,2037 949; 2738 949; 2738 1704; 2037 1704,580,140113800666,s4,1,6,7,6,4,6,
140113800666_s5_430nm_day1,2040 878; 2751 878; 2751 1734; 2040 1734,430,140113800666,s5,1,6,8,6,4,7,
140113800666_s5_540nm_day1,2134 778; 2848 778; 2848 1624; 2134 1624,540,140113800666,s5,1,6,8,6,4,7,
140113800666_s5_580nm_day1,2228 774; 2893 774; 2893 1672; 2228 1672,580,140113800666,s5,1,6,8,6,4,7,
140113800666_s6_430nm_day1,2027 684; 2518 684; 2518 1759; 2027 1759,430,140113800666,s6,1,6,7,6,5,6,
140113800666_s6_540nm_day1,2033 598; 2533 598; 2533 1692; 2033 1692,540,140113800666,s6,1,6,7,6,5,6,
140113800666_s6_580nm_day1,1985 597; 2499 597; 2499 1659; 1985 1659,580,140113800666,s6,1,6,7,6,5,6,
140113800666_s7_430nm_day1,1943 881; 2718 881; 2718 1433; 1943 1433,430,140113800666,s7,1,6,8,6,5,6,
140113800666_s7_540nm_day1,1960 823; 2735 823; 2735 1417; 1960 1417,540,140113800666,s7,1,6,8,6,5,6,
140113800666_s7_580nm_day1,1885 842; 2676 842; 2676 1427; 1885 1427,580,140113800666,s7,1,6,8,6,5,6,
140113800666_s8_430nm_day1,2002 910; 2712 910; 2712 1724; 2002 1724,430,140113800666,s8,1,7,8,6,5,7,
140113800666_s8_540nm_day1,2027 935; 2762 935; 2762 1766; 2027 1766,540,140113800666,s8,1,7,8,6,5,7,
140113800666_s8_580nm_day1,2024 929; 2760 929; 2760 1763; 2024 1763,580,140113800666,s8,1,7,8,6,5,7,
140113800666_s9_430nm_day1,2115 923; 2544 923; 2544 1847; 2115 1847,430,140113800666,s9,1,6,8,6,5,6,
140113800666_s9_540nm_day1,2073 939; 2518 939; 2518 1840; 2073 1840,540,140113800666,s9,1,6,8,6,5,6,
140113800666_s9_580nm_day1,2176 929; 2609 929; 2609 1840; 2176 1840,580,140113800666,s9,1,6,8,6,5,6,
140113800666_s10_430nm_day1,1924 1023; 2712 1023; 2712 1666; 1924 1666,430,140113800666,s10,1,7,7,6,5,6,
140113800666_s10_540nm_day1,1866 1020; 2638 1020; 2638 1682; 1866 1682,540,140113800666,s10,1,7,7,6,5,6,
140113800666_s10_580nm_day1,1853 1081; 2693 1081; 2693 1659; 1853 1659,580,140113800666,s10,1,7,7,6,5,6,
140113800666_s11_430nm_day1,2076 891; 2612 891; 2612 1763; 2076 1763,430,140113800666,s11,1,6,8,5,5,6,
140113800666_s11_540nm_day1,2134 800; 2654 800; 2654 1695; 2134 1695,540,140113800666,s11,1,6,8,5,5,6,
140113800666_s11_580nm_day1,2024 842; 2541 842; 2541 1740; 2024 1740,580,140113800666,s11,1,6,8,5,5,6,
140113800666_s12_430nm_day1,1882 991; 2634 991; 2634 1682; 1882 1682,430,140113800666,s12,1,7,7,6,5,7,
140113800666_s12_540nm_day1,1895 1013; 2628 1013; 2628 1698; 1895 1698,540,140113800666,s12,1,7,7,6,5,7,
140113800666_s12_580nm_day1,1889 991; 2680 991; 2680 1601; 1889 1601,580,140113800666,s12,1,7,7,6,5,7,
140119100857_s1_430nm_day7,1992 941; 2644 941; 2644 1798; 1992 1798,430,140119100857,s1,7,7,8,7,7,6,.\result\140119100857_day7\140119100857_day7\s1\140119100857_s1_430nm_day7.png
140119100857_s1_540nm_day7,1982 949; 2718 949; 2718 1750; 1982 1750,540,140119100857,s1,7,7,8,7,7,6,.\result\140119100857_day7\140119100857_day7\s1\140119100857_s1_540nm_day7.png
140119100857_s2_430nm_day7,1950 978; 2628 978; 2628 1772; 1950 1772,430,140119100857,s2,7,7,6,7,6,6,.\result\140119100857_day7\140119100857_day7\s2\140119100857_s2_430nm_day7.png
140119100857_s2_540nm_day7,2011 988; 2660 988; 2660 1737; 2011 1737,540,140119100857,s2,7,7,6,7,6,6,.\result\140119100857_day7\140119100857_day7\s2\140119100857_s2_540nm_day7.png
140119100857_s3_430nm_day7,2069 913; 2618 913; 2618 1737; 2069 1737,430,140119100857,s3,7,8,6,7,6,6,.\result\140119100857_day7\140119100857_day7\s3\140119100857_s3_430nm_day7.png
140119100857_s3_540nm_day7,2082 858; 2082 858; 2082 858; 2082 1746,540,140119100857,s3,7,8,6,7,6,6,.\result\140119100857_day7\140119100857_day7\s3\140119100857_s3_540nm_day7.png
140119100857_s4_430nm_day7,1953 881; 2534 881; 2534 1717; 1953 1717,430,140119100857,s4,7,7,6,6,7,6,.\result\140119100857_day7\140119100857_day7\s4\140119100857_s4_430nm_day7.png
140119100857_s4_540nm_day7,1950 978; 2628 978; 2628 1772; 1950 1772,540,140119100857,s4,7,7,6,6,7,6,.\result\140119100857_day7\140119100857_day7\s4\140119100857_s4_540nm_day7.png
140119100857_s5_430nm_day7,1947 1043; 2473 1043; 2473 1708; 1947 1708,430,140119100857,s5,7,8,7,7,6,6,.\result\140119100857_day7\140119100857_day7\s5\140119100857_s5_430nm_day7.png
140119100857_s5_540nm_day7,1969 1023; 2547 1023; 2547 1695; 1969 1695,540,140119100857,s5,7,8,7,7,6,6,.\result\140119100857_day7\140119100857_day7\s5\140119100857_s5_540nm_day7.png
140119100857_s6_430nm_day7,1927 829; 2599 829; 2599 1598; 1927 1598,430,140119100857,s6,7,8,6,6,6,7,.\result\140119100857_day7\140119100857_day7\s6\140119100857_s6_430nm_day7.png
140119100857_s6_540nm_day7,1918 765; 2602 765; 2602 1524; 1918 1524,540,140119100857,s6,7,8,6,6,6,7,.\result\140119100857_day7\140119100857_day7\s6\140119100857_s6_540nm_day7.png
140119100857_s7_430nm_day7,2118 949; 2534 949; 2534 1633; 2118 1633,430,140119100857,s7,7,8,7,7,6,6,.\result\140119100857_day7\140119100857_day7\s7\140119100857_s7_430nm_day7.png
140119100857_s7_540nm_day7,2069 936; 2605 936; 2605 1556; 2069 1556,540,140119100857,s7,7,8,7,7,6,6,.\result\140119100857_day7\140119100857_day7\s7\140119100857_s7_540nm_day7.png
140119100857_s8_430nm_day7,1872 984; 2573 984; 2573 1688; 1872 1688,430,140119100857,s8,7,7,7,7,6,7,.\result\140119100857_day7\140119100857_day7\s8\140119100857_s8_430nm_day7.png
140119100857_s8_540nm_day7,1821 968; 2460 968; 2460 1721; 1821 1721,540,140119100857,s8,7,7,7,7,6,7,.\result\140119100857_day7\140119100857_day7\s8\140119100857_s8_540nm_day7.png
140119100857_s9_430nm_day7,2056 836; 2583 836; 2583 1663; 2056 1663,430,140119100857,s9,7,7,7,6,7,7,.\result\140119100857_day7\140119100857_day7\s9\140119100857_s9_430nm_day7.png
140119100857_s9_540nm_day7,1989 807; 2438 807; 2438 1730; 1989 1730,540,140119100857,s9,7,7,7,6,7,7,.\result\140119100857_day7\140119100857_day7\s9\140119100857_s9_540nm_day7.png
140119100857_s10_430nm_day7,2153 1004; 2573 1004; 2573 1843; 2153 1843,430,140119100857,s10,7,6,8,7,6,7,.\result\140119100857_day7\140119100857_day7\s10\140119100857_s10_430nm_day7.png
140119100857_s10_540nm_day7,2131 975; 2551 975; 2551 1795; 2131 1795,540,140119100857,s10,7,6,8,7,6,7,.\result\140119100857_day7\140119100857_day7\s10\140119100857_s10_540nm_day7.png
140119100857_s11_430nm_day7,2092 868; 2525 868; 2525 1692; 2092 1692,430,140119100857,s11,7,5,6,6,5,6,.\result\140119100857_day7\140119100857_day7\s11\140119100857_s11_430nm_day7.png
140119100857_s11_540nm_day7,2019 939; 2419 939; 2419 1786; 2019 1786,540,140119100857,s11,7,5,6,6,5,6,.\result\140119100857_day7\140119100857_day7\s11\140119100857_s11_540nm_day7.png
